#,Item,Poste,Tax year/D'année d'imposition, Grand total males/Total global hommes #,Grand total males/Total global hommes $ (000),Grand total females/Total global femmes #,Grand total total/Total global femmes $ (000),Grand total total/Total global total #,Grand total total/Total global total $ (000),Age group: under 20 males/Groupe d'âge : moins de 20 ans hommes #,Age group: under 20 males/Groupe d'âge : moins de 20 ans hommes $ (000),Age group: under 20 females/Groupe d'âge : moins de 20 ans femmes #,Age group: under 20 females/Groupe d'âge : moins de 20 ans femmes $ (000),Age group: under 20 total/Groupe d'âge : moins de 20 ans total #,Age group: under 20 total/Groupe d'âge : moins de 20 ans total $ (000),Age group: 20-24 males/Groupe d'âge : 20-24 hommes #,Age group: 20-24 males/Groupe d'âge : 20-24 hommes $ (000),Age group: 20-24 females/Groupe d'âge : 20-24 femmes #,Age group: 20-24 females/Groupe d'âge : 20-24 femmes $ (000),Age group: 20-24 total/Groupe d'âge : 20-24 total #,Age group: 20-24 total/Groupe d'âge : 20-24 total $ (000),Age group: 25-29 males/Groupe d'âge : 25-29 hommes #,Age group: 25-29 males/Groupe d'âge : 25-29 hommes $ (000),Age group: 25-29 females/Groupe d'âge : 25-29 femmes #,Age group: 25-29 females/Groupe d'âge : 25-29 femmes $ (000),Age group: 25-29 total/Groupe d'âge : 25-29 total #,Age group: 25-29 total/Groupe d'âge : 25-29 total $ (000),Age group: 30-34 males/Groupe d'âge : 30-34 hommes #,Age group: 30-34 males/Groupe d'âge : 30-34 hommes $ (000),Age group: 30-34 females/Groupe d'âge : 30-34 femmes #,Age group: 30-34 females/Groupe d'âge : 30-34 femmes $ (000),Age group: 30-34 total/Groupe d'âge : 30-34 total #,Age group: 30-34 total/Groupe d'âge : 30-34 total $ (000),Age group: 35-39 males/Groupe d'âge : 35-39 hommes #,Age group: 35-39 males/Groupe d'âge : 35-39 hommes $ (000),Age group: 35-39 females/Groupe d'âge : 35-39 femmes #,Age group: 35-39 females/Groupe d'âge : 35-39 femmes $ (000),Age group: 35-39 total/Groupe d'âge : 35-39 total #,Age group: 35-39 total/Groupe d'âge : 35-39 total $ (000),Age group: 40-44 males/Groupe d'âge : 40-44 hommes #,Age group: 40-44 males/Groupe d'âge : 40-44 hommes $ (000),Age group: 40-44 females/Groupe d'âge : 40-44 femmes #,Age group: 40-44 females/Groupe d'âge : 40-44 femmes $ (000),Age group: 40-44 total/Groupe d'âge : 40-44 total #,Age group: 40-44 total/Groupe d'âge : 40-44 total $ (000),Age group: 45-49 males/Groupe d'âge : 45-49 hommes #,Age group: 45-49 males/Groupe d'âge : 45-49 hommes $ (000),Age group: 45-49 females/Groupe d'âge : 45-49 femmes #,Age group: 45-49 females/Groupe d'âge : 45-49 femmes $ (000),Age group: 45-49 total/Groupe d'âge : 45-49 total #,Age group: 45-49 total/Groupe d'âge : 45-49 total $ (000),Age group: 50-54 males/Groupe d'âge : 50-54 hommes #,Age group: 50-54 males/Groupe d'âge : 50-54 hommes $,Age group: 50-54 females/Groupe d'âge : 50-54 femmes #,Age group: 50-54 females/Groupe d'âge : 50-54 femmes $,Age group: 50-54 total/Groupe d'âge : 50-54 total #,Age group: 50-54 total/Groupe d'âge : 50-54 total $,Age group: 55-59 males/Groupe d'âge : 55-59 hommes #,Age group: 55-59 males/Groupe d'âge : 55-59 hommes $ (000),Age group: 55-59 females/Groupe d'âge : 55-59 femmes #,Age group: 55-59 females/Groupe d'âge : 55-59 femmes $ (000),Age group: 55-59 total/Groupe d'âge : 55-59 total #,Age group: 55-59 total/Groupe d'âge : 55-59 total $ (000),Age group: 60-64 males/Groupe d'âge : 60-64 hommes #,Age group: 60-64 males/Groupe d'âge : 60-64 hommes $ (000),Age group: 60-64 females/Groupe d'âge : 60-64 femmes #,Age group: 60-64 females/Groupe d'âge : 60-64 femmes $ (000),Age group: 60-64 total/Groupe d'âge : 60-64 total #,Age group: 60-64 total/Groupe d'âge : 60-64 total $ (000),Age group: 65-69 males/Groupe d'âge : 65-69 hommes #,Age group: 65-69 males/Groupe d'âge : 65-69 hommes $ (000),Age group: 65-69 females/Groupe d'âge : 65-69 femmes #,Age group: 65-69 females/Groupe d'âge : 65-69 femmes $ (000),Age group: 65-69 total/Groupe d'âge : 65-69 total #,Age group: 65-69 total/Groupe d'âge : 65-69 total $ (000),Age group: 70-74 males/Groupe d'âge : 70-74 hommes #,Age group: 70-74 males/Groupe d'âge : 70-74 hommes $ (000),Age group: 70-74 females/Groupe d'âge : 70-74 femmes #,Age group: 70-74 females/Groupe d'âge : 70-74 femmes $ (000),Age group: 70-74 total/Groupe d'âge : 70-74 total #,Age group: 70-74 total/Groupe d'âge : 70-74 total $ (000),Age group: 75 and over males/Groupe d'âge : 75 et plus hommes #,Age group: 75 and over males/Groupe d'âge : 75 et plus hommes $ (000),Age group: 75 and over females/Groupe d'âge : 75 et plus femmes #,Age group: 75 and over females/Groupe d'âge : 75 et plus femmes $ (000),Age group: 75 and over total/Groupe d'âge : 75 et plus total #,Age group: 75 and over total/Groupe d'âge : 75 et plus total $ (000)
1,Number of taxable returns,Nombre de déclarations imposables,2012, 9352590,,8353610,,17721540,,104520,,59760,,164370,,536960,,375600,,912960,,801130,,683640,,1485470,,875890,,750360,,1627060,,871880,,746960,,1619900,,908420,,801720,,1711520,,998990,,915590,,1916110,,1050000,,972880,,2024590,,941470,,874590,,1817740,,784450,,718700,,1504710,,558120,,491240,,1050680,,358690,,330740,,690650,,562080,,631840,,1195780,
2,Number of non-taxable returns,Nombre de déclarations non imposables,2012, 3572440,,5359040,,8978710,,458890,,497890,,961020,,535240,,687370,,1236550,,272790,,412900,,690670,,191720,,371320,,566280,,172220,,347820,,522780,,183740,,327300,,513850,,206450,,319280,,528700,,218020,,321060,,541870,,212330,,308150,,523010,,202660,,306850,,511760,,258080,,366140,,625930,,223030,,305020,,529460,,437300,,787950,,1226840,
3,Total number of returns,Nombre total de déclarations,2012, 12925030,,13712650,,26700250,,563410,,557650,,1125390,,1072190,,1062970,,2149510,,1073920,,1096530,,2176140,,1067610,,1121680,,2193340,,1044090,,1094780,,2142690,,1092160,,1129010,,2225370,,1205430,,1234860,,2444810,,1268010,,1293950,,2566450,,1153800,,1182740,,2340740,,987110,,1025550,,2016470,,816200,,857380,,1676600,,581720,,635760,,1220120,,999380,,1419790,,2422610,
4,Employment income,Revenus d'emploi,2012, 8909910,457525530,8676480,291689516,17603500,749413403,503770,4009377,497280,3118270,1002970,7128144,970860,20542925,938710,14399894,1913290,34947871,961470,37403213,924830,26490590,1888340,63904613,934830,47170143,900890,30936052,1837240,78121138,894030,53038582,870760,34146711,1766100,87207974,907720,59208635,909960,38665571,1818950,97893331,973540,66016117,1001850,43690144,1976530,109731237,999570,69431164,1024090,44335185,2024720,113802391,831850,54554042,832560,33198867,1665370,87776474,538290,29988624,487490,16237246,1026600,46247236,252280,11399973,195530,4902370,448310,16313536,89100,3037612,59440,1083868,148880,4125796,52610,1725123,33100,484747,86210,2213661
5,Commissions (from employment),Commissions (d'emploi),2012, 294460,10632318,240970,3174817,535440,13807327,6530,12157,12450,11286,18980,23442,30590,191676,47380,141179,77970,332866,37370,593940,37630,293168,75010,887125,37140,1034764,27460,347109,64600,1381874,35050,1396082,22450,379127,57490,1775209,34650,1716301,22230,473566,56880,2189886,33160,1695167,22840,529433,56000,2224624,31120,1637508,21270,492102,52390,2129610,23850,1235127,14900,315915,38750,1551042,15250,693748,8130,136934,23380,830682,6860,301207,3150,42150,10010,343479,2070,89726,800,9474,2880,99200,820,34915,280,3373,1100,38288
6,Other employment income,Autres revenus d'emploi,2012, 1419740,6338622,904690,3520665,2325220,9881893,15450,40389,17250,38168,32710,78720,63480,156461,58610,145680,122160,302604,96280,294062,74970,242354,171320,538046,105590,438745,73930,279061,179620,720067,106110,539703,71120,307920,177340,850757,116050,751128,76790,373756,192910,1126839,132070,880666,86760,476685,218920,1360008,146210,1051344,94530,538966,240810,1593842,159800,958903,100360,535404,260230,1497222,160650,699626,93460,397927,254170,1100037,120060,290479,62710,103091,182800,394436,74980,115508,36030,38930,111030,154691,123030,121608,58170,42723,181210,164624
7,Old Age Security pension (OASP),Pension de la sécurité de la vieillesse,2012, 2376990,13606091,2894140,16742728,5271680,30349343,,,,,,,,,,,,,,,,,,,,,,,,,,,,,,,,,,,,,,,,,,,,,,,,,,,,,,,,,,,,,804690,4228468,847310,4498898,1652100,8727407,577790,3479424,631950,3809185,1209880,7288716,994520,5898199,1414880,8434645,2409700,14333219
8,CPP or QPP benefits,Prestations du Régime de pensions du Canada (RPC) ou du Régime de rentes du Québec (RRQ),2012, 3013990,22151840,3545090,21541900,6559540,43695590,12890,23803,13940,26371,26840,50210,15600,37278,21930,53623,37550,90941,2850,11805,3630,12427,6480,24241,3350,24187,5080,32269,8430,56477,6290,47333,10660,71002,16960,118355,12290,94785,21110,144288,33410,239110,24970,201925,42540,309145,67520,511178,44180,380409,75810,579026,120010,959519,67030,616034,113330,893911,180400,1510120,557770,3669428,630940,3502647,1188740,7172280,759780,5409085,781480,4460252,1541320,9869537,558180,4173564,575640,3413799,1133870,7587531,948820,7462205,1249010,8043140,2198010,15506090
9,Other pensions or superannuation,Autres pensions et pensions de retraite,2012, 1998480,47183876,1997390,31545013,3996290,78734028,830,4253,820,3988,1640,8241,930,3471,1030,3733,1960,7204,730,3126,590,2786,1320,5932,860,5249,790,4935,1650,10204,1330,13704,1340,10842,2670,24582,4200,74009,2680,31265,6880,105349,10350,218557,6090,81797,16440,300407,26990,718991,18940,343890,45940,1063030,132970,4369148,117860,2878227,250850,7247602,275520,8903314,253680,5930951,529270,14834963,428620,9594676,381690,5772766,810400,15368504,392080,8681391,367490,5477160,759660,14159619,723090,14593987,844400,11002674,1567620,25598392
10,Elected split-pension amount ,Choix du montant de pension fractionné,2012, 227000,1533086,919920,10464988,1146980,11999106,,,,,,,10,72,40,264,50,345,50,348,200,1390,250,1757,130,1010,620,4763,750,5772,310,1790,1940,16996,2260,18841,770,4222,5750,54395,6520,58634,2290,13009,16870,165873,19170,179026,7290,41633,51620,558696,58920,600456,24490,162177,124440,1504817,148930,1667118,49110,363627,189220,2353864,238340,2717630,51000,353922,200370,2212263,251390,2566400,36720,248665,148100,1645947,184820,1894712,54830,342610,180760,1945721,235590,2288415
11,Universal Child Care Benefit (UCCB),Prestation universelle pour la garde d'enfants (PUGE),2012, 318230,457805,1383490,2093002,1703650,2554064,400,464,11110,11744,11520,12218,5160,6777,104680,147736,110030,154801,26590,36619,270670,424377,297780,461895,74100,111510,427660,691153,502280,803589,98040,148534,359060,545992,457540,695271,69920,97067,166210,220453,236310,317797,29940,38988,35670,41354,65670,80427,9770,12492,5190,6280,14970,18788,2870,3551,1740,2125,4610,5681,930,1175,870,1059,1800,2233,360,436,410,474,770,916,90,109,180,207,270,317,60,81,50,48,110,130
12,Employment Insurance and other benefits,Prestations d'assurance-emploi et autres prestations,2012, 1253990,8002978,1283010,9016525,2537000,17019520,10790,43587,4810,18102,15610,61695,125590,680677,81620,460141,207210,1140818,163630,953020,199150,1578288,362790,2531308,165000,981814,250920,2339675,415920,3321489,137860,862765,178130,1501293,315980,2364057,121620,806069,122810,775221,244430,1581301,128390,866854,121990,647013,250380,1513867,133950,910476,127270,665870,261220,1576346,120720,842633,104590,550866,225310,1393499,90950,656117,65070,343178,156020,999295,41220,306617,21450,113197,62660,419813,10860,72993,4130,19592,14980,92585,3420,19356,1070,4090,4490,23446
13,Taxable amount of dividends from taxable Canadian corporations,Montant imposable des dividendes,2012, 2077200,39401031,2016540,23483092,4094130,62893371,20290,273386,19120,274852,39410,548411,52250,681550,45980,653185,98270,1335019,78980,779253,63920,525535,142930,1305333,102300,1469428,82580,941214,184900,2411560,123740,2426206,100580,1519602,224370,3947523,149520,3392951,130360,2077207,279920,5470984,188950,4386918,174690,2416265,363680,6803591,235740,5234444,223360,2794863,459150,8030286,250340,5304872,239480,2840679,489850,8145779,239490,4801977,231690,2631703,471200,7434060,211060,3892972,206390,1995954,417470,5889207,152440,2504901,154110,1332337,306560,3837391,272110,4252174,344280,3479697,616430,7734228
14,Interest and other investment income,Intérêts et autres revenus de placements,2012, 3054070,7352129,3545610,7584748,6602360,14945886,38400,23492,36660,23265,75160,46824,89940,45437,86350,42662,176890,88513,127640,71265,123680,62159,251620,133622,146780,101401,147810,88540,294790,190162,158460,155887,164380,134391,323050,290488,186110,269394,201830,241085,388150,511160,238180,452400,264510,400150,502920,853478,299250,712174,338310,603727,637730,1316586,334430,915751,377170,782242,711780,1698609,338270,975632,379880,874394,718280,1850703,312350,975245,348800,867123,661230,1843062,243720,732773,284160,744671,527960,1478056,540560,1921277,792070,2720340,1332810,4644623
15,Net partnership income (Limited or non-active partners only),Revenus nets de société de personnes,2012, 59580,172451,33130,40780,104360,233941,50,50,50,282,120,330,190,166,140,303,420,442,550,-19,310,292,1060,283,1220,5275,640,1005,2320,6094,2280,2917,1300,3298,4250,6999,4110,11662,2210,4850,7410,18439,6050,18566,3310,6550,10980,30762,8280,6780,4490,8309,14480,15910,9450,10544,5100,2103,16140,15502,8730,23952,4600,3755,14740,30393,7320,42151,3720,3517,12160,49595,4730,27474,2660,1512,8310,29256,6610,22932,4610,5006,11960,29936
16,Net rental income,Revenus nets de location,2012, 776400,3000540,680830,2122720,1457720,5125518,520,1266,400,735,930,2033,8200,12092,5420,9843,13700,22325,30620,27286,24310,26699,54970,54121,53360,48018,47510,52790,100920,100874,65780,82173,59570,86463,125400,168836,77260,138619,70900,129800,148220,268902,93190,220208,85470,184070,178710,404449,104680,324511,93940,236609,198670,561221,97780,380378,87990,274439,185810,654915,83180,424167,71190,284837,154400,709201,62790,408091,50330,259389,113130,667595,41510,328834,32410,189778,73930,518809,57550,604899,51390,387269,108950,992239
17,Taxable capital gains,Gains en capital imposables,2012, 986190,10434940,1058870,6580673,2055300,17245600,9100,64128,8300,57658,17420,122426,21230,62275,16860,47047,38150,109707,34510,117022,26530,66774,61150,184779,43970,218222,36030,119180,80190,339900,51990,414322,44100,191683,96390,609536,63480,631226,58350,310677,122410,951402,81700,900815,82300,473727,164940,1383613,104410,1232779,109480,677281,215050,1932030,116610,1383755,124980,733943,242800,2143475,117140,1331950,128430,767755,246830,2132946,107370,1250153,118150,651242,226800,1931847,80330,769536,90920,479365,172590,1278229,154350,2058758,214440,2004340,370580,4125710
18,Registered retirement savings plan income (RRSP),Revenu d'un régime enregistré d'épargne-retraite (REER),2012, 1184920,7143605,1121200,5979733,2306180,13123747,870,2324,480,2980,1350,5304,15190,30356,8700,12698,23890,43062,53550,133084,39960,74134,93520,207291,106690,268018,91280,182265,197970,450290,148520,422812,130740,303092,279260,725962,163240,579615,141020,438900,304260,1018570,147110,738354,129300,578522,276410,1316933,125910,885678,120560,738794,246480,1624537,113500,1060479,122780,975144,236280,2035629,112730,1184532,124120,1107942,236850,2292480,98810,1092463,97330,894325,196140,1986813,41730,391734,38640,278149,80370,669897,57080,354156,76320,392788,133410,746979
19,Other income,Autres revenus,2012, 1986190,11122095,1990060,8410039,3977170,19549014,80330,291430,89060,317097,169440,608948,153960,430508,147130,433876,301200,865047,111510,306274,92150,268621,203760,575883,107250,402165,94870,330426,202240,733323,108230,473762,98390,387386,206700,861736,120790,645341,112130,472455,232980,1119314,146660,941081,140990,645154,287710,1587291,179490,1307438,176380,828634,355930,2139684,219360,1816691,216350,1199320,435770,3018044,244760,1916822,244940,1328106,489760,3247586,171270,887468,165470,452938,336780,1341781,120770,536155,123740,344597,244530,880898,221820,1166961,288480,1401431,510370,2569479
20,Net business income,Revenus nets d'entreprise,2012, 1119240,16755336,913670,9136427,2037640,25999934,17380,98591,14190,67307,31600,166518,50460,420747,42650,255091,93290,679384,80790,996967,71820,590001,152970,1593920,99030,1462308,91120,815518,190560,2287525,108080,1718389,100550,1075938,209110,2804591,122580,2081912,108820,1250809,231960,3346125,138480,2422256,117510,1385556,256610,3821399,142050,2511562,116600,1360126,259250,3882847,128590,2171817,101810,1113438,230900,3300774,104910,1558686,75930,741914,181260,2310222,69550,804620,42880,315843,112680,1125588,33860,302377,18180,109178,52210,415973,23490,205104,11620,55708,35260,265067
21,Net professional income,Revenus nets de profession libérale,2012, 178030,12464146,157950,6191945,337350,18699562,1100,5178,1080,4747,2180,10024,4140,28458,5030,32692,9190,62146,9260,185076,13040,294702,22360,482049,13170,519636,17390,660423,30620,1182259,15260,960593,18560,818531,33940,1781913,17050,1381469,19480,973946,36810,2360647,18970,1685210,19820,1017844,39020,2709430,20500,1921177,19820,937510,40510,2866095,22390,2127957,18140,758450,40740,2892780,22280,1746069,13360,435895,35770,2185418,17260,1134572,7580,183403,24900,1323443,9170,492284,2920,51396,12100,544170,7490,276466,1730,22408,9230,299188
22,Net commission income,Revenus nets de commissions,2012, 122470,2738921,108910,1470055,231430,4209931,1440,5170,1230,3780,2670,8950,6370,40233,6210,24762,12580,65022,9190,121487,10190,70177,19390,191752,10640,203194,11980,108087,22630,311305,11260,249198,12350,133680,23620,382898,12880,333993,13220,183053,26110,517302,14110,387918,13650,223016,27760,611221,14410,429116,13050,248552,27460,677693,13780,397578,10710,214572,24480,612175,12370,310358,8010,151635,20380,462033,8690,171499,4960,78842,13650,250486,4300,60800,2050,22683,6350,83500,3030,28378,1310,7216,4340,35594
23,Net farming income,Revenus nets d'agriculture,2012, 235050,1532658,111650,587830,349490,2160912,2130,19036,1400,15850,3540,35072,5680,52007,2880,25060,8840,80025,8030,62199,3740,23982,12190,90934,10540,72396,5150,24624,16110,103750,12660,76671,6210,25169,19230,108016,15070,89008,7990,32766,23380,128237,22190,155553,11720,53180,34220,213958,29660,229122,15060,77635,44940,311327,31840,262675,15050,72348,47070,337678,28110,189873,12570,62934,40770,253722,23970,95294,10280,51736,34310,147474,17850,76086,7430,40614,25330,117076,27330,152737,12180,81934,39560,233644
24,Net fishing income,Revenus nets de pêche,2012, 22930,415088,5590,65446,28530,475475,450,3597,80,495,530,4092,1100,15475,220,2136,1310,17611,1170,20637,300,2890,1470,23527,1400,25881,420,4755,1820,30636,1830,35690,490,6152,2320,41843,2390,50674,670,8127,3060,58802,3130,64314,820,9710,3960,74024,3310,63522,880,11403,4190,74924,3020,54635,820,10018,3840,64653,2480,46277,560,6760,3040,49684,1540,23079,210,2275,1750,23678,650,7119,70,548,720,7639,450,4188,60,176,510,4364
25,Workers' compensation benefits,Indemnités pour accidents du travail,2012, 383560,3599698,227740,1692705,611310,5292443,4020,5508,2340,3840,6360,9349,15370,38450,12090,38085,27450,76537,18300,82667,20760,101150,39060,183817,20600,124675,21070,121381,41670,246055,22840,176150,16830,101937,39670,278092,27870,259460,17110,115532,44980,374991,39050,409125,23230,171772,62280,580915,50410,559820,28460,221331,78880,781157,49750,594898,26230,228868,75980,823766,45120,609820,21280,227375,66400,837194,31040,314420,12930,123412,43970,437832,20110,153601,8250,70795,28360,224396,39080,271105,17180,167228,56260,438340
26,Social assistance payments,Prestations d'assistance sociale,2012, 736440,5200062,850820,5963342,1587590,11166492,14850,84818,18140,102658,33000,187514,62690,418327,76970,548409,139680,966883,63240,444572,77500,606806,140760,1051555,60110,444904,73320,607860,133460,1052957,57570,451631,67490,586707,125080,1038492,63710,519662,67370,601839,131100,1121688,76550,647897,74210,676981,150770,1324944,82450,714638,77000,706950,159460,1421731,74490,665417,70600,645722,145100,1311279,59470,501807,58670,488009,118160,989949,35340,120457,41310,118296,76680,239153,26910,64084,36540,69515,63490,133989,59060,121849,111700,203590,170850,326360
27,Net federal supplements,Versement net des suppléments fédéraux,2012, 724900,3216203,1227960,6296942,1952900,9513392,,,,,,,20,77,,,20,85,,,,,10,8,,,,,,,,,,,,,,,,,10,41,,,10,46,20,71,10,49,10,34,30,83,10,76,30,98,40,174,10490,56815,80440,429517,90930,486332,201650,910873,251610,1197731,453260,2108608,179090,808574,233010,1185151,412110,1993749,333600,1439652,662820,3484275,996440,4924144
28,Total income assessed,Revenu total établi,2012, 12856080,692004324,13628810,476522592,26531820,1169239984,552610,5012076,546960,4103613,1101730,9118675,1057920,23895711,1051500,17479302,2114420,41390723,1065850,42644097,1090260,31765991,2159730,74440675,1062510,55133484,1116400,38714219,2182290,93888980,1039630,63695807,1088620,42403163,2131700,106152195,1087370,73139201,1121120,47680625,2212360,120881882,1199760,83364707,1225190,54350120,2429240,137785785,1262090,90322246,1283500,57201707,2549960,147615541,1148200,79892679,1172950,49947751,2325260,129923782,984100,60657789,1021290,38606124,2009120,99339459,815790,44010433,856770,29388082,1675530,73458997,581390,27156269,635240,20460601,1219230,47659291,998840,43079823,1419000,44421294,2421240,87583999
29,Registered pension plan contributions (RPP),Cotisations à un régime de pension agréé (RPA),2012, 2169290,8781064,2624930,9335897,4794740,18118881,9930,5991,6630,1994,16560,7985,90050,137665,91600,120063,181650,257737,187440,506379,240060,615424,427520,1121838,242140,847581,307870,964931,550050,1812611,260860,1070533,322880,1190203,583810,2260955,276770,1240601,337430,1336736,614250,2577558,311650,1450780,385390,1544068,697140,2995156,335580,1579391,408820,1641766,744480,3221553,267170,1203246,321450,1253695,588680,2457249,135540,559669,154700,536593,290290,1096460,42680,157916,41410,118053,84110,276092,6690,17694,5000,10192,11700,27890,2800,3616,1710,2180,4500,5796
30,RRSP deduction,Cotisations à un REER,2012, 3265100,20800120,2860080,12644621,6125330,33446063,7010,10012,3430,3743,10440,13755,100360,270426,74020,146391,174390,416884,251730,997317,237080,685891,488830,1683338,338630,1575161,314320,1012231,652960,2587454,372570,2049629,325010,1216499,697610,3266316,399330,2516192,348600,1540845,747960,4057255,448330,3036538,404030,1958968,852380,4995613,485460,3516864,444410,2256173,929890,5773294,422300,3276879,377270,2013293,799590,5290361,277810,2203281,224860,1211439,502680,3414782,129710,1095852,91000,523370,220710,1619261,27350,222827,14850,73281,42200,296111,4500,29144,1210,2495,5710,31639
31,Deduction for elected split-pension amount,Déduction pour le choix du montant de pension fractionné,2012, 920170,10471449,226570,1521356,1146770,11993125,,,,,,,,,10,14,20,23,,,30,100,70,260,170,637,110,286,280,923,370,1681,220,634,590,2315,2040,15776,500,1854,2540,17630,5500,50827,1120,4757,6620,55584,14830,162869,4290,23893,19120,186767,74370,913208,32000,219264,106370,1132478,154590,1951600,58700,430983,213290,2382649,215540,2449140,57820,385969,273360,2835273,184770,2074360,37190,251145,221970,2325546,267960,2851181,34590,202458,302550,3053677
32,"Annual union, professional, or like dues","Cotisations annuelles syndicales, professionnelles et semblables",2012, 2822950,2165909,2904130,1872068,5727210,4038057,78770,15530,62310,10013,141080,25543,218170,93827,206280,66016,424460,159845,268630,188877,300400,173591,569050,362471,286060,233524,323570,210587,609650,444128,283860,245762,323710,228086,607590,473869,295520,264401,332620,245449,628150,509866,339140,307029,371410,276082,710560,583117,372540,337965,387790,287263,760340,625237,316070,270864,319310,227997,635380,498866,195470,142240,180390,109459,375860,251699,92830,47548,65870,30536,158700,78084,38400,11895,17340,5329,55740,17224,37490,6448,13150,1659,50640,8108
33,Child care expenses,Frais de garde d'enfants,2012, 341990,1319128,941120,3289200,1283180,4608482,30,61,560,793,600,854,1780,4248,20150,46901,21930,51152,14010,44876,98880,299144,112890,344042,53760,220775,230320,876960,284090,1097770,91420,409900,269030,1089008,360470,1498939,89410,361349,196880,671702,286300,1033089,56900,184180,93660,236856,150560,421054,24750,69395,26590,56736,51350,126138,7380,18559,4120,8981,11510,27541,1990,4635,720,1640,2700,6274,450,932,170,381,630,1313,90,165,,,130,235,30,53,,,40,79
34,Business investment loss,Perte au titre d'un placement d'entreprise,2012, 7390,248753,3800,94189,11190,343212,,,,,10,28,,,,,70,738,220,2371,90,682,310,3053,490,7793,220,3767,710,11560,690,15511,310,5120,1000,20631,910,21915,430,9288,1340,31203,1050,34379,560,13358,1600,47738,1080,34723,610,12176,1680,46899,910,41810,550,12851,1460,54661,830,27316,420,10333,1260,37920,590,35770,290,10558,880,46328,330,17356,160,5217,480,22573,250,9594,130,10286,380,19880
35,Moving expenses,Frais de déménagement,2012, 60330,290296,44320,145636,104660,435945,2040,1412,2260,1422,4290,2835,10830,11225,10190,9458,21010,20683,12310,28416,10260,18573,22570,46989,9560,46881,6060,23051,15630,69936,7030,51103,3650,19934,10680,71045,5320,42154,2950,17876,8270,60030,4210,34913,2730,17120,6940,52033,3670,31007,2650,16831,6320,47838,2840,24720,2130,14057,4970,38777,1560,12313,1010,5732,2570,18045,690,4920,280,1196,970,6116,180,905,80,225,260,1130,100,327,70,161,170,488
36,Support payments made,Pension alimentaire payée,2012, 69990,1070916,2120,21804,72120,1092735,10,2,,,10,3,120,38,,,130,41,560,1238,50,39,610,1276,1560,7729,100,350,1660,8079,3530,27477,210,1036,3730,28512,6800,67970,340,2466,7140,70436,10360,136309,410,4880,10770,141189,12490,212230,390,5657,12880,217887,11370,227057,290,4036,11650,231092,8630,172539,160,2030,8790,174581,5740,104316,80,770,5820,105086,3550,52398,40,245,3580,52646,5290,61613,60,293,5350,61906
37,Carrying charges and interest expenses,Frais financiers et frais d'intérêts,2012, 1294910,2900505,1118180,1872518,2413710,4774934,3530,2293,3240,2096,6770,4411,14420,6903,11540,4796,25970,11714,29530,20761,22310,12137,51860,32926,46580,54047,33260,29521,79860,83614,65200,109157,45080,59909,110300,169098,87710,192779,63620,103233,151370,296236,112790,290441,88000,160238,200850,450835,142970,392776,117400,221274,260440,614176,157130,421773,131330,252717,288520,674611,157280,406794,132820,250896,290180,657889,146120,408834,121910,222023,268080,631315,112770,226906,95800,155134,208630,382219,218890,367042,251900,398546,470900,765889
38,Deductions for CPP/QPP contributions on self-employment and other earnings,Déductions pour cotisations au RPC ou au RRQ pour le revenu d'un travail indépendant et pour d'autres revenus,2012, 933130,823224,746190,496316,1679660,1319816,9530,2147,7110,1251,16640,3400,46370,19862,38130,12138,84530,32016,72050,48447,62510,33157,134620,81640,85050,70841,76210,49026,161320,119923,91550,84199,84920,59160,176520,143394,104720,99589,93600,68392,198360,168025,121890,118191,102120,76211,224040,194432,128280,126451,101650,75808,229960,202287,120730,118591,88450,63556,209190,182162,99640,93308,64360,43294,164010,136611,41950,33190,22820,12391,64770,45584,8340,5797,3500,1531,11850,7328,3030,2613,820,401,3850,3014
39,Deductions for provincial parental insurance plan (PPIP) premiums on self-employment income,Déduction pour cotisations au Régime provincial d'assurance parentale (RPAP) pour le revenu d'un travail indépendant,2012, 231030,20137,203400,14438,434450,34577,3320,78,2830,57,6160,135,10550,372,10520,303,21070,675,15660,908,17640,946,33310,1854,20550,1525,23580,1583,44130,3108,22280,1921,24810,1894,47080,3815,24130,2233,24900,2037,49030,4271,28200,2743,27400,2250,55600,4993,29910,3019,25870,2085,55780,5104,28660,2900,21430,1653,50090,4554,23740,2265,14680,1035,38420,3301,14230,1312,6490,413,20710,1724,6240,552,2210,130,8460,682,3570,308,1050,52,4620,359
40,Exploration and development expenses,Frais d'exploration et d'aménagement,2012, 46930,855124,22130,226923,77920,1110730,20,50,,,,,60,601,,,,,220,2513,100,989,490,3773,600,9724,220,2503,1120,12796,1300,25003,500,5917,2230,31763,2590,55130,980,13756,4340,70942,4030,92309,1690,20550,6980,116406,6050,137028,2550,33321,9880,174477,7210,149675,3030,33647,11440,187246,6890,120387,2960,31157,10870,155054,6140,99874,2740,21622,9780,125072,4400,61654,2220,21189,7430,86382,7450,101177,5090,41771,13160,145525
41,Other employment expenses,Autres dépenses d'emploi,2012, 562120,3165710,263080,994754,825240,4160630,3070,4774,910,831,3980,5608,23160,64068,9890,19103,33050,83189,46500,202136,24060,67414,70560,269557,59220,300640,29090,97628,88320,398320,66490,379135,31330,117122,97820,496260,73750,454779,35990,149005,109740,603785,80130,491629,39550,169229,119690,660904,79450,487099,38050,160069,117500,647192,63300,387469,29100,119048,92410,506521,40510,239236,16420,64308,56930,303549,18420,110302,6320,23180,24740,133484,5720,31851,1740,5911,7450,37762,2400,12593,640,1904,3040,14498
42,Clergy residence deduction,Déduction pour la résidence d'un membre du clergé,2012, 22060,300135,5650,62812,27720,363023,,,,,10,7,,,,,220,1320,910,9348,310,2204,1220,11555,1670,20750,400,3521,2070,24291,2010,28054,450,4917,2460,33001,2370,34116,540,6395,2910,40511,2620,38727,630,7467,3250,46201,3240,48693,890,11005,4130,59699,3300,49223,1010,12872,4310,62099,2690,37878,740,8622,3440,46510,1650,19530,390,4005,2040,23535,830,7793,130,1140,960,8933,620,4992,80,369,700,5361
43,Other deductions,Autres déductions,2012, 387560,928711,394160,1130433,782310,2077067,3640,7265,3130,8917,6770,16199,18330,9800,14720,6320,33060,16228,30540,27444,30060,20121,60630,47833,34100,38804,36280,29366,70430,68590,32720,45636,33620,33851,66420,81699,33130,56715,32580,35474,65780,93844,35980,75958,36530,45606,72590,123899,39690,90182,40460,52604,80210,144305,37820,88962,37930,65038,75810,155912,36800,83498,35100,72381,71960,160020,30830,87772,28810,97901,59680,187194,18930,94097,18910,183702,37850,278641,35050,222577,46030,479152,81110,702702
44,Total deductions before adjustments,Total des déductions avant rajustements,2012, 7557550,54145486,6785710,33734155,14354490,87932820,105200,49656,82610,31444,187840,81169,385430,620378,345460,433479,731060,1054220,584750,2081362,598340,1932315,1183450,4014501,684410,3436768,705500,3307537,1390450,6745697,718890,4545053,716940,4035173,1436530,8583864,762550,5426080,736190,4205536,1499770,9636088,843000,6345410,801160,4538196,1645720,10890166,891970,7230133,829440,4856987,1722940,12093621,797140,7195231,711670,4303064,1510230,11504783,631660,6057290,501690,2780161,1134570,8845936,447840,4657466,291790,1452563,740660,6115911,278560,2826401,155610,714540,435050,3545553,426170,3674260,309300,1143159,736210,4821309
45,Social benefits repayment,Remboursement des prestations de programmes sociaux,2012, 344720,897001,162360,481230,507080,1378243,40,51,,,40,51,6380,7414,240,260,6620,7673,15700,17834,1110,1074,16810,18908,17220,19309,1610,1492,18830,20801,15870,18163,1950,1937,17820,20100,16410,19237,2510,2498,18920,21736,19320,22702,2840,3004,22150,25706,20750,25378,2910,3078,23650,28456,18190,24781,2360,2584,20550,27365,13220,20840,1920,2662,15140,23503,85570,289976,43860,124064,129420,414039,45630,170205,32180,102012,77810,272228,70430,261112,68880,236564,139310,497678
46,Net income after adjustments,Revenu net après rajustements,2012, 12810870,637702894,13577500,442722082,26423380,1081132036,552090,4964130,546410,4074333,1100640,9041430,1056540,23274766,1050050,17055413,2111480,40345753,1063310,40573103,1087190,29846372,2153870,70449851,1059390,51714054,1111540,35463635,2173790,87218722,1035760,59203262,1082360,38400447,2120810,97654863,1082390,67753517,1113780,43517629,2198900,111331832,1193400,77097697,1217150,49873048,2413130,127041565,1254810,83165216,1275290,52399333,2532670,135656029,1141350,72783124,1166350,45695067,2310190,118560913,979220,54665824,1018010,35855706,1999540,90596733,813970,39146573,855870,27828640,1671730,67035343,580550,24189794,634890,19652535,1217160,43883623,998100,39171833,1418640,43059924,2419470,82315379
47,Canadian Forces personnel and police deduction,Déduction pour le personnel des Forces canadiennes et des forces policières,2012, 3610,81726,540,10038,4150,91766,10,77,,,20,80,360,6350,40,294,400,6644,730,14297,100,1876,830,16173,610,11560,90,1626,700,13185,470,10437,80,1733,540,12170,460,11732,80,1517,530,13248,480,12814,80,1958,560,14773,360,10103,40,688,400,10791,110,3815,20,342,130,4157,20,538,,,20,541,,,,,,,,,,,,,,,,,,
48,Security options deductions,Déductions pour options d'achat de titres,2012, 32330,1854994,12980,301225,45350,2158147,10,1,,,,,160,283,300,354,,,910,5329,800,2643,1710,7971,2170,26657,1240,9375,3410,36031,3920,86067,1730,20154,5650,106258,5120,176402,2040,38611,7170,215032,5470,256896,2150,48639,7620,305676,5770,399011,2310,82522,8070,481664,4610,409544,1450,67594,6070,477486,2640,306528,690,20949,3330,327697,1100,149664,200,9173,1300,158970,320,26529,50,1065,380,28213,150,12083,,,160,12505
49,Other payments deductions,Déduction pour autres paiements,2012, 1713090,12014203,2122340,13951537,3835780,25969110,18780,90328,20400,106514,39180,196883,77370,456854,88510,586502,165900,1043505,80710,527242,97670,707961,178410,1235380,79840,569737,93740,729518,173600,1299450,79440,627792,83670,688711,163130,1316662,90380,779294,83780,717395,174180,1496875,113980,1057086,96600,849172,210600,1906343,130950,1274546,104470,928408,235430,2203104,122550,1260391,96020,874817,218580,2135349,112640,1168445,155380,1144461,268040,2313038,232270,1345172,268930,1438992,501220,2784568,199040,1025781,244580,1325156,443660,2351346,375150,1831533,688600,3853928,1063860,5686606
50,Non-capital losses of other years,Pertes autres que des pertes en capital d'autres années,2012, 16350,239777,15200,111742,31920,354492,40,74,30,61,60,134,230,1039,170,476,400,1515,770,4813,660,2387,1430,7202,1210,17570,1070,5017,2280,22894,1380,11423,1530,9373,2920,20864,1800,18933,2070,11961,3920,31110,2170,37188,2370,15976,4570,53327,2420,36402,2460,19060,4930,55701,2410,27298,2080,18761,4540,46321,2020,43374,1600,13813,3670,57844,1100,22768,700,7237,1840,30368,450,10071,260,3601,740,14069,360,8824,230,4019,620,13144
51,Net capital losses of other years,Pertes en capital nettes d'autres années,2012, 265410,804078,244540,525234,510120,1330215,410,675,330,669,740,1352,1800,1645,1350,1125,3150,2771,4760,4920,2990,2945,7760,7873,8210,10806,4810,6128,13020,17018,11650,20535,7050,8542,18710,29077,16000,37296,10700,16491,26710,53813,21630,65116,16680,30195,38320,95322,28270,88935,23930,59184,52220,148149,33030,109990,29950,63167,62990,173255,34970,111987,33460,71030,68460,183253,33300,118088,31960,67205,65290,185312,25260,76323,25600,52517,50890,128849,46120,157761,55710,146034,101870,304170
52,Capital gains deduction,Déduction pour gains en capital,2012, 37890,2831028,24590,1571352,62580,4408407,320,38251,300,34391,630,72955,450,29347,380,25399,830,54752,940,56673,640,30679,1580,87579,1470,83877,910,43640,2380,127989,1910,130501,1150,64822,3060,195616,2410,181171,1520,95562,3940,277629,3370,277529,2220,150291,5600,428099,4500,368821,2970,196504,7480,566087,5160,403754,3240,213791,8430,618767,5040,384091,3070,190510,8120,575187,4120,281032,2530,139240,6670,420693,2930,179447,1780,94690,4720,274595,5270,416533,3890,291832,9160,708458
53,Northern residents deductions,Déductions pour les habitants de régions éloignées,2012, 159310,566077,96980,315932,256300,882042,2060,4026,1480,2530,3540,6557,10670,28480,6740,15855,17400,44336,17710,57461,11060,32240,28770,89700,18150,65498,10470,34151,28620,99649,16500,63037,9450,32875,25960,95916,16290,63740,9860,35081,26150,98820,17340,66722,10540,37134,27880,103863,18530,69069,11010,38115,29540,107184,15730,58191,9200,32565,24920,90763,11060,40246,6260,21819,17320,62066,6700,23186,4010,13307,10710,36493,3860,12419,2470,7590,6330,20015,4720,14001,4440,12671,9160,26678
54,Additional deductions,Déductions supplémentaires,2012, 92320,602260,107800,580203,203070,1243014,240,435,250,486,490,945,780,8105,780,4473,1630,13032,1640,23799,1140,11328,2980,36735,2200,42723,1100,15177,3600,62180,2510,40898,1010,16495,3790,61606,2360,48014,1030,16077,3730,69975,1980,50137,960,18444,3280,79035,1740,48448,1130,20415,3200,77375,1450,46486,1340,22963,3070,76788,3870,40661,5230,23594,9320,70001,14280,51327,16280,52996,30700,107509,17300,55141,18810,69553,36230,127300,41980,146085,58750,308201,101060,460534
55,Farming/fishing losses of prior years,Pertes provenant de la pêche et pertes agricoles d'autres années,2012, 9540,103854,3720,31477,13340,136174,,,,,,,,,10,90,,,190,1743,30,179,230,2065,350,3319,130,976,490,4420,520,4657,220,1511,750,6273,690,8220,320,2547,1020,10825,1050,12795,520,4314,1570,17158,1460,17043,680,5653,2150,22791,1570,19576,640,5772,2210,25392,1410,13616,500,3902,1920,17526,970,10326,340,3298,1310,13698,660,5965,170,1287,830,7255,620,6290,160,1948,790,8323
56,Total deductions from net income,Total des déductions du revenu net,2012, 2264780,19106120,2561680,17401803,4830500,36584557,21780,133889,22740,144661,44540,278936,91300,532396,97740,634578,189130,1167637,107360,696289,114270,792243,221870,1490697,112890,831765,112700,845620,225940,1682849,116610,995524,104990,844289,221940,1844692,133170,1324950,110230,935357,243840,2267595,164330,1837057,130580,1156218,295330,3004463,189990,2313996,147010,1350820,337440,3674734,182330,2339807,141860,1300101,324590,3649366,169430,2110365,202070,1490390,371850,3608341,283360,2002807,315420,1731873,599040,3739276,239570,1392309,283750,1555978,523540,2952793,452650,2594967,778320,4619675,1231460,7223177
57,Taxable income assessed,Revenu imposable établi,2012, 12460280,618659840,13249600,425366043,25742170,1044656932,544360,4830291,539530,3929729,1086030,8762607,1029250,22743568,1028650,16421330,2062720,39179809,1034980,39877830,1065630,29054951,2103780,68961036,1029980,50884470,1086410,34619991,2118970,85540087,1004960,58211470,1053630,37558836,2061010,95816592,1045520,66432134,1078980,42584571,2126880,109070174,1144120,75267649,1172200,48720383,2318580,124047725,1197850,80860677,1225300,51051581,2425410,131993848,1087730,70451510,1119540,44397555,2209460,114922415,956720,52563173,985510,34368977,1944350,86999811,811750,37150490,853520,26100402,1667040,63306619,578760,22803034,632340,18100047,1212730,40939869,994300,36583543,1408360,38457690,2405220,75116339
58,Basic personal amount,Montant personnel de base,2012, 12900840,138870371,13699740,147542929,26634460,286743543,563290,6081916,557520,6020513,1125080,12138393,1071350,11532968,1062390,11433101,2147720,23104028,1071730,11488541,1095150,11723848,2171750,23260709,1064920,11396452,1120100,11992948,2187840,23416877,1041550,11160933,1093350,11731120,2136950,22912192,1089540,11701218,1127730,12127896,2218830,23844782,1202860,12950332,1233720,13297802,2437680,26259378,1265430,13645485,1292830,13951518,2559020,27604878,1151400,12424643,1181710,12755947,2333690,25186564,985230,10634317,1024660,11060909,2010370,21700148,814640,8793816,856540,9247138,1671550,18044792,580750,6270456,635120,6858563,1216210,13132583,998160,10789294,1418930,15341625,2417780,26138220
59,Age amount,Montant en raison de l'âge,2012, 2226410,13195136,2805520,17300916,5033270,30504627,,,,,,,,,,,,,,,,,,,,,,,,,,,,,,,,,,,,,,,,,,,,,,,,,,,,,,,,,,,,,737470,4214625,822740,4955211,1560570,9172065,544880,3237222,613240,3763475,1158460,7002774,944050,5743289,1369530,8582231,2314240,14329788
60,Spouse or common-law partner amount,Montant pour époux ou conjoint de fait,2012, 1598290,11668320,503940,3696795,2104510,15384787,1250,10158,1240,10525,2500,20803,27190,202273,15340,121880,42780,326332,93160,699648,40160,305193,133890,1010140,158550,1202885,55540,420829,214490,1627112,188450,1455554,58640,447442,247360,1905140,193870,1537431,62340,480904,256380,2019745,187100,1500888,65600,501610,252830,2003549,183090,1473670,66700,495978,249900,1970572,170320,1353518,58940,417315,229350,1771581,145410,1081959,37680,244570,183190,1327358,105280,604956,19290,115510,124640,721004,57640,255782,9970,62145,67670,318386,86970,289598,12510,72894,99540,363067
61,Amount for eligible dependant,Montant pour personne à charge admissible,2012, 152430,1538311,798930,8202379,951490,9741938,200,2033,7350,78271,7550,80319,2680,26875,52030,548596,54710,575533,8200,83324,90100,945352,98300,1028756,15800,164537,123260,1295396,139090,1460187,26010,272952,151200,1583742,177230,1856915,33660,347260,156980,1624437,190670,1971966,32450,324093,125440,1260689,157910,1584915,20150,195579,62840,609630,83010,805361,7940,75328,18050,166856,26000,242223,2960,27380,5010,42748,7970,70140,1190,10645,2670,21108,3860,31753,550,4444,1610,11585,2160,16028,630,3862,2400,13969,3030,17842
62,Amount for children 17 and under,Montant pour enfants âgés de 17 ans ou moins,2012, 2083300,8336364,1674310,6109845,3759890,14460701,880,2120,9870,23888,10750,26012,22200,65079,74310,215850,96620,281253,116630,405922,169690,585887,286770,993532,297820,1182193,291800,1145970,590100,2331108,426930,1876111,358480,1472544,785830,3351981,467280,2055269,356520,1363886,824150,3422139,406080,1604295,263700,873636,670040,2479899,231790,794155,115970,335029,347920,1130146,79940,249657,26020,70069,106010,319960,23130,69895,4670,13405,27800,83309,7180,21658,1940,5804,9120,27466,2330,6826,870,2525,3200,9358,1110,3184,480,1353,1590,4536
63,Amount for infirm dependants age 18 or older,Montant pour personnes à charge âgées de 18 ans ou plus et ayant une déficience,2012, 9680,44026,8080,36227,17770,80312,,,10,88,20,137,,,40,260,80,450,110,540,110,539,220,1079,210,1039,160,768,370,1806,280,1275,270,1430,550,2704,490,2494,550,2768,1040,5275,950,4724,930,4638,1880,9369,1460,6882,1350,6100,2800,12989,1610,7319,1300,5524,2920,12850,1470,6442,1080,4548,2550,11003,1120,4860,790,3202,1910,8062,780,3299,540,2213,1320,5512,1150,4913,950,4149,2100,9075
64,CPP or QPP contributions through employment,Cotisations d'employé au RPC ou au RRQ,2012, 7868300,12936577,7385370,10113492,15254610,23050943,236210,96435,228040,60948,464280,157397,837210,791987,793220,552676,1630590,1344769,889600,1349051,827190,1043996,1716980,2393195,885030,1543975,814070,1156362,1699230,2700448,851260,1566347,788480,1203260,1639830,2769708,863170,1620618,822920,1309907,1686180,2930615,924400,1752864,908420,1469755,1832880,3222700,947140,1798307,926310,1494488,1873510,3292858,773190,1413320,733490,1131781,1506740,2545165,479170,785907,413740,562743,892960,1348709,156450,195888,114890,117733,271350,313649,20230,17178,11960,7909,32190,25089,5250,4702,2650,1934,7900,6638
65,CPP or QPP contributions on self-employment and other earnings,Cotisations au RPC ou au RRQ pour le revenu d'un travail indépendant et pour d'autres revenus,2012, 933130,823224,746190,496316,1679660,1319816,9530,2147,7110,1251,16640,3400,46370,19862,38130,12138,84530,32016,72050,48447,62510,33157,134620,81640,85050,70841,76210,49026,161320,119923,91550,84199,84920,59160,176520,143394,104720,99589,93600,68392,198360,168025,121890,118191,102120,76211,224040,194432,128280,126451,101650,75808,229960,202287,120730,118591,88450,63556,209190,182162,99640,93308,64360,43294,164010,136611,41950,33190,22820,12391,64770,45584,8340,5797,3500,1531,11850,7328,3030,2613,820,401,3850,3014
66,Employment Insurance premiums,Cotisations d'employé à l'assurance-emploi,2012, 7663190,4497162,7430280,3721076,15094480,8218603,372980,63960,368250,49808,741260,113774,854250,319437,823250,241120,1677690,560607,880970,496100,836830,401943,1718020,898113,856180,541696,809360,424249,1665680,965994,804900,533737,771580,431193,1576590,964976,800500,542212,795660,465455,1596240,1007700,847200,577660,872710,517840,1719980,1095530,862510,587972,886160,523667,1748730,1111669,700110,460179,697330,396304,1397490,856503,431720,257569,390820,198983,822580,456570,181380,90054,137780,57649,319170,147711,51930,20495,31450,10337,83380,30834,18550,6090,9120,2529,27670,8622
67,PPIP premiums paid,Cotisations au RPAP,2012, 1938290,411821,1802490,312555,3740830,724381,101840,5245,102430,4443,204280,9688,198760,23051,195170,18044,393940,41095,195200,37154,183900,28740,379110,65896,216320,49323,198050,35841,414380,85164,205240,50622,188520,38496,393760,89119,195130,49526,183380,39503,378520,89030,220420,56993,213460,45987,433880,102982,234240,60540,227010,47907,461260,108447,192630,46719,178340,34538,370970,81257,113120,22924,91790,14331,204910,37255,45980,7213,30160,3682,76130,10895,13870,1831,7580,773,21450,2604,5540,678,2710,270,8250,949
68,PPIP premiums payable on employment income,Cotisations au RPAP à payer sur le revenu d'emploi,2012, 63510,13193,47480,9295,111010,22490,1760,77,1470,42,3230,118,7250,643,5980,403,13240,1046,7440,1154,5990,886,13430,2040,7670,1599,5880,1154,13560,2753,7290,1731,5520,1289,12810,3020,7000,1729,5090,1275,12090,3005,7500,1943,5760,1482,13250,3426,7390,1960,5630,1461,13020,3421,5570,1390,3690,855,9270,2245,3020,674,1750,345,4770,1019,1160,221,560,87,1710,308,330,52,110,14,450,67,140,19,50,3,190,22
69,PPIP premiums payable on self-employment income,Cotisations au RPAP à payer sur le revenu d'un travail indépendant,2012, 234140,25969,205900,18616,440060,44588,3430,102,2900,74,6330,176,10980,483,10870,394,21860,877,16100,1174,18060,1222,34160,2397,20930,1968,23920,2042,44850,4010,22650,2478,25070,2441,47710,4919,24390,2880,25130,2625,49520,5505,28480,3536,27640,2900,56120,6436,30180,3891,26090,2687,56270,6578,28930,3739,21620,2131,50550,5870,23910,2919,14800,1334,38710,4253,14310,1691,6530,532,20830,2223,6280,711,2230,168,8510,879,3590,397,1050,67,4650,464
70,Volunteer firefighters' amount,Montant pour les pompiers volontaires,2012, 36760,110260,3050,9135,39800,119398,560,1686,80,246,640,1932,3060,9186,310,939,3380,10125,3910,11739,400,1206,4320,12948,4280,12830,380,1152,4660,13982,4820,14448,390,1182,5210,15630,5020,15062,400,1194,5420,16256,4630,13899,360,1080,4990,14979,4060,12183,280,840,4340,13023,2890,8682,210,621,3100,9303,1850,5556,140,417,1990,5973,1080,3230,60,174,1140,3404,400,1206,20,51,420,1257,190,554,10,33,200,587
71,Canada employment amount,Montant canadien pour emploi,2012, 9039760,9509103,8466940,8957698,17508420,18468564,467480,490893,462040,484108,929570,975051,918520,988866,891850,956591,1810600,1945671,932690,1010771,892540,961048,1825480,1972064,916810,995194,871880,938450,1788940,1933893,879760,955046,836950,902094,1716920,1857366,894920,971510,867730,937363,1762850,1909081,961740,1043769,954390,1032640,1916320,2076606,990470,1073376,978050,1056972,1968650,2130488,843380,896895,803900,855945,1647390,1752952,595910,598002,508110,516515,1104090,1114598,326680,290522,231420,210407,558110,500947,147660,108938,85360,64176,233030,173126,163760,85319,82720,41387,246490,126723
72,Public transit amount,Montant pour le transport en commun,2012, 792040,658830,904270,724972,1697520,1384264,30730,11836,41650,15798,72610,27698,112110,58895,151510,77784,264280,136904,106570,82254,123930,95446,230680,177796,99030,89206,96230,83770,195330,173004,85950,83110,80370,74249,166360,157379,82470,81144,83320,79539,165810,160698,84840,80819,90890,88326,175740,169149,74730,72153,85440,85702,160170,157855,51710,51263,63450,64138,115170,115405,30030,29551,38130,37324,68160,66877,15100,10047,19020,11308,34130,21356,7860,3897,10980,4706,18840,8603,10910,4656,19340,6883,30250,11539
73,Children's fitness amount,Montant pour la condition physique des enfants,2012, 958350,544561,660810,339020,1619240,883622,70,20,120,23,180,43,1230,294,3800,893,5030,1187,21180,6210,32130,9609,53320,15821,106430,42881,104800,42197,211240,85084,221400,123227,171850,91157,393270,214392,264260,170136,178300,105043,442580,275195,208100,128265,118440,65206,326540,193475,97760,54319,42480,20900,140250,75225,27880,14327,7030,3183,34910,17511,7020,3424,1150,503,8170,3927,2150,1035,450,201,2600,1237,630,303,170,70,790,373,270,120,90,32,360,152
74,Children's arts amount,Montant pour les activités artistiques des enfants,2012, 336230,177340,222720,107923,558990,285288,10,7,30,9,40,16,190,64,670,195,860,258,4020,1282,6360,2011,10390,3293,26600,10170,26590,9943,53210,20116,72680,34880,55950,25926,128630,60809,100810,56931,67430,35773,168260,92715,79280,45647,45080,23870,124360,69520,37330,20436,16890,8418,54220,28859,11110,5793,2990,1436,14100,7229,2890,1505,460,214,3350,1719,940,453,170,77,1110,531,260,127,70,32,330,159,100,45,40,19,140,64
75,Home buyers' amount,Montant pour l'achat d'une habitation,2012, 115140,528279,75840,332246,191000,860651,350,1627,170,693,520,2330,15550,71729,9960,41629,25530,113440,35450,161251,24540,106264,59990,267539,24820,113766,15800,70007,40620,183777,14510,67479,8560,38592,23070,106075,9540,44149,5900,26507,15440,70656,6480,29900,4410,19669,10890,49569,4160,19040,3060,13685,7210,32725,2250,10220,1780,8010,4030,18229,1110,4959,930,4121,2040,9080,580,2606,420,1808,990,4414,210,923,150,618,360,1541,150,631,150,645,300,1275
76,Pension income amount,Montant pour revenu de pension,2012, 2122480,4064241,2532270,4806983,4655180,8872044,810,1292,790,1275,1600,2567,910,1279,1050,1541,1960,2821,740,886,750,1004,1490,1892,910,1312,1340,2130,2250,3448,1550,2532,3140,5633,4700,8175,4760,8782,8120,15258,12880,24052,12290,23414,22150,42337,34460,65772,33610,65155,67640,131171,101270,196356,153290,300774,220970,431728,374280,732551,311060,609863,380350,742029,691470,1352015,455860,875095,493290,947197,949230,1822442,405160,775492,423490,805666,828730,1581318,741540,1398365,909180,1680013,1650860,3078634
77,Caregiver amount,Montant pour aidants naturels,2012, 126790,663855,99670,489024,226500,1153116,30,151,30,153,60,304,540,2641,410,2058,950,4699,2200,10911,1720,8556,3920,19478,5010,25441,3860,19609,8870,45063,10330,56143,7790,41391,18120,97534,18180,102352,13550,73030,31730,175418,22890,123428,17350,87900,40240,211372,23040,118802,18010,86717,41050,205570,17970,90222,14550,67133,32530,157403,12260,60601,10110,45340,22370,105958,6900,34181,5610,25166,12510,59346,3510,17926,2800,13003,6310,30936,3950,21055,3910,18969,7850,40035
78,Disability amount ,Montant pour personnes handicapées,2012, 324710,2449412,352410,2654186,677150,5103807,5550,47876,3090,26171,8640,74054,10980,82161,6910,51845,17890,134006,9560,71775,6860,51485,16420,123268,9030,67917,7640,57368,16670,125292,9230,69443,8730,65706,17970,135164,11750,88283,11840,88977,23590,177276,17150,129009,18270,137397,35420,266406,23900,179715,25770,193906,49670,373628,30970,233059,32600,245150,63580,478231,37420,281383,35950,270430,73370,551829,34020,256124,30850,232279,64870,488404,28950,218087,25840,194545,54800,412640,96190,724579,138070,1038925,234270,1763610
79,Disability amount transferred from a dependant,Montant pour personnes handicapées transféré d'une personne à charge,2012, 123510,1244051,108160,1051837,231700,2296299,,,20,178,30,255,,,630,6792,1000,9971,2330,24997,3410,38253,5750,63297,7360,84756,8930,104887,16290,189691,14810,176010,14600,169657,29410,345735,20370,239218,17320,192986,37700,432251,21580,234866,17040,172881,38630,407843,19020,182633,14660,128875,33680,311561,13710,116289,10880,85458,24600,201763,9890,77972,8060,60008,17950,138010,6270,47249,5140,37705,11400,84954,3520,25907,2940,21234,6460,47140,4270,30898,4540,32923,8820,63828
80,Interest paid on student loans,Intérêts payés sur des prêts étudiants,2012, 255720,126295,369380,192471,625110,318771,690,124,690,142,1380,265,34420,12926,46260,20026,80680,32952,75080,41524,115490,68421,190570,109945,67820,34353,98380,51899,166200,86256,39800,18837,53800,26182,93600,45019,19590,9538,25570,12664,45160,22201,9500,4834,14370,6672,23860,11507,4980,2296,8740,3834,13720,6131,2550,1177,4140,1734,6690,2911,950,464,1520,677,2470,1140,260,159,350,173,620,332,60,35,60,19,110,54,30,29,20,28,50,57
81,"Tuition, education, and textbook amounts ","Frais de scolarité, montant relatif aux études et montant pour manuels",2012, 764460,4084673,963430,4762918,1728040,8848702,43540,158176,41510,142397,85060,300602,267400,1479860,305600,1685661,573050,3165920,184240,1278256,228180,1517844,412470,2796458,94710,555111,118080,582212,212810,1137481,56190,246453,76850,286641,133040,533143,40610,152435,62780,211871,103390,364316,30380,98893,52160,158315,82540,257259,21290,61318,37390,102539,58680,163903,13360,33470,21550,49857,34910,83327,7110,13721,10290,17219,17400,30950,3330,4733,5140,5669,8470,10402,1360,1438,2220,1728,3570,3166,960,810,1690,966,2640,1775
82,"Tuition, education, and textbook amounts transferred from a child","Frais de scolarité, montant relatif aux études et montant pour manuels transférés d'un enfant",2012, 423930,2177441,295310,1432493,719240,3609991,70,240,120,382,190,622,180,747,230,970,410,1717,200,460,180,641,370,1101,740,1507,590,1197,1330,2704,3950,12259,5650,19134,9600,31393,23570,94562,32270,135212,55840,229783,101960,498715,91220,440261,193180,938981,151280,822202,97980,504201,249260,1326435,93590,503964,48980,246571,142580,750538,34880,177507,13940,65730,48830,243239,9680,47234,2490,10902,12170,58135,2410,11287,730,3145,3140,14437,1420,6758,930,4148,2350,10905
83,Amounts transferred from spouse or common-law partner,Montants transférés d'un époux ou conjoint de fait,2012, 715650,3645040,510660,2427726,1227960,6079977,300,811,920,2174,1230,3013,8040,27893,8440,26642,16620,54907,25330,93665,24550,91224,50250,186133,35620,136270,38760,159503,74740,297271,37550,149024,42040,186248,79850,336646,36480,147737,38850,165072,75470,313497,30740,127820,29810,121732,60640,250011,25550,112232,25620,117741,51210,230177,27650,122751,36340,187391,64000,310185,43580,198853,74240,388037,117860,587076,93300,482751,68860,353922,162210,836987,112270,627477,52230,267119,164560,894974,239240,1417757,70010,360921,309310,1779101
84,Medical expenses,Montant admissible des frais médicaux,2012, 1779720,4411047,2636380,6290290,4417730,10705945,9850,7418,14620,10136,24500,17575,43910,38783,76980,66783,121150,105852,65540,74115,121690,139509,187480,214457,83350,122433,151740,218717,235300,341687,98390,170963,169540,286657,268110,458110,118580,262635,191750,355493,310490,618598,147300,301182,230600,432868,378060,734478,167290,348547,257480,490085,424880,838952,179140,388625,264960,539459,444190,928274,196900,457807,274450,605406,471400,1063354,201690,498283,242860,555439,444590,1053789,161460,423403,186500,445595,348000,869131,306320,1316855,453210,2144144,759590,3461689
85,Total tax credits on personal amounts,Crédits d'impôt nets alloués,2012, 12908340,34014681,13702020,34821882,26644730,68895498,563340,1047971,557580,1040060,1125190,2093482,1071820,2364204,1062660,2412729,2148530,4798275,1072870,2622197,1095650,2724551,2173480,5355531,1066150,2767609,1120500,2830323,2189530,5603459,1042540,2878238,1093630,2879105,2138270,5761585,1090410,3061152,1127920,2988678,2219940,6053138,1203600,3267255,1233890,3132719,2438630,6402353,1266160,3276005,1292980,3073543,2559950,6351189,1152030,2839830,1181850,2674934,2334490,5515902,985610,2325686,1024740,2241197,2010870,4567855,814810,2479885,856560,2539877,1671760,5020841,580810,1806085,635130,1881443,1216290,3688549,998190,3278564,1418940,4402722,2417820,7683339
86,Allowable charitable donations and government gifts,Dons de bienfaisance et dons aux gouvernements admissibles,2012, 3109600,5765600,2703260,3333048,5814840,9104040,10130,3890,9110,2309,19240,6204,69380,34330,70430,25235,139890,59689,149620,110895,155780,78431,305590,189672,210320,198676,186030,111668,396560,310820,251270,294210,201300,149452,452790,444115,286480,423983,229340,205476,516140,630002,329810,538441,273990,288619,604090,827510,368420,710710,310670,349747,679310,1060821,351550,704880,297840,362582,649590,1067831,315840,645642,261910,356365,577870,1002248,253080,565051,194870,294080,448000,859446,185480,436709,148380,241602,333890,678480,328210,1098181,363630,867482,691880,1967203
87,Eligible cultural and ecological gifts,Montants admissibles des dons de biens culturels ou écosensibles,2012, 3980,59501,3740,18424,7720,78728,20,4,20,2,,,90,20,140,22,220,42,200,135,260,48,460,183,290,150,250,253,540,402,280,197,260,122,540,319,,,310,303,,,,,310,892,650,3812,400,1752,350,639,750,2791,370,8983,360,1962,730,10946,370,7786,360,1817,730,9603,330,3291,300,1364,640,4655,320,4068,250,921,570,4989,650,22303,590,10079,1240,32383
88,Total tax credit on donations and gifts,Total des crédits d'impôt pour les dons,2012, 3087920,1607531,2682680,880253,5772340,2489540,9250,1009,8180,579,17430,1589,66280,8989,67060,6392,133430,15415,146670,29676,152670,20292,299530,50063,207770,53808,183560,29224,391530,83164,249060,80519,199410,39681,448670,120327,284560,119527,227690,55219,512500,174899,327910,150009,272340,75841,600480,226091,366580,198785,309100,92798,675870,291800,350020,199436,296450,99451,646640,298990,314640,181959,260910,93318,575660,275344,252350,159144,194280,81254,446680,240489,185080,123409,148010,66736,333110,190194,327750,301262,363020,219467,690810,521175
89,Total federal non-refundable tax credits,Total des crédits d'impôt non remboursables fédéraux,2012, 12908690,35622212,13702130,35702134,26645750,71385038,563340,1048980,557580,1040640,1125190,2095071,1071820,2373193,1062660,2419121,2148540,4813689,1072880,2651873,1095650,2744843,2173490,5405594,1066170,2821416,1120510,2859547,2189560,5686623,1042560,2958757,1093640,2918785,2138350,5881911,1090440,3180679,1127940,3043898,2220090,6228037,1203640,3417264,1233900,3208561,2438790,6628445,1266220,3474790,1292990,3166342,2560110,6642989,1152080,3039265,1181870,2774385,2334650,5814892,985650,2507645,1024750,2334514,2010990,4843199,814850,2639029,856570,2621131,1671830,5261330,580830,1929494,635140,1948179,1216310,3878743,998210,3579827,1418940,4622189,2417850,8204514
90,Federal dividend tax credit,Crédit d'impôt fédéral pour dividendes,2012, 1904860,5330623,1752970,3144682,3658110,8476479,11650,31781,10520,31519,22180,63318,42450,80492,35270,75325,77740,155847,74280,97984,58590,65419,132900,163467,99930,191975,78180,123017,178130,315097,121170,320960,93690,200294,214900,521478,145140,454172,119640,275723,264820,730003,181950,591908,160140,322625,342110,914583,225810,711338,204620,375060,430460,1086525,237070,718021,217190,383670,454270,1101716,224340,658869,208150,358292,432510,1017209,186080,536944,171810,272106,357900,809071,131460,349025,128770,185184,260240,534226,223530,587154,266410,476448,489960,1063939
91,Overseas employment tax credit,Crédit d'impôt pour emploi à l'étranger,2012, 6590,70499,550,3668,7150,74183,,,,,,,100,430,30,71,120,501,610,4890,90,389,700,5279,850,8442,110,665,960,9123,880,9162,70,424,950,9586,800,8742,70,415,870,9157,860,10008,60,487,930,10495,980,11532,50,408,1020,11941,830,9687,50,466,870,10153,440,5078,30,277,470,5355,200,2132,,,210,2184,,,,,,,,,,,,
92,Minimum tax carryover,Report d'impôt minimum,2012, 27400,86960,17850,42762,45270,129755,210,458,210,446,420,904,400,717,380,551,780,1268,520,1440,360,961,880,2402,830,2217,460,1073,1300,3292,1360,3911,800,1791,2170,5707,1950,5677,1240,2759,3190,8440,2700,8182,1850,4319,4550,12501,3610,12215,2510,6389,6110,18604,4150,13390,2610,6375,6760,19766,4160,12817,2540,6126,6710,18956,3290,11224,1890,4481,5180,15710,1960,6533,1080,2836,3040,9369,2250,8180,1930,4656,4180,12837
93,Basic federal tax ,Impôt fédéral de base,2012, 8852500,80998116,7827090,41248940,16694490,122362350,94320,145094,50620,53592,145020,198931,490310,1626928,323980,659007,814670,2287263,756120,4305116,629780,2375533,1386550,6683782,838550,6331105,704000,3348572,1543290,9684235,832840,7915526,697590,3914961,1531430,11837442,864360,9602120,750540,4728305,1616240,14339157,952710,11194756,868210,5611784,1822410,16816813,1006740,12320055,932320,5987255,1940720,18323691,904390,10631990,841490,5081532,1747530,15728362,756570,7332716,693860,3635814,1451980,10982658,524950,4213590,460110,2003045,986370,6228335,332600,2221350,310410,1310263,644210,3539227,498050,3157770,564180,2539278,1064070,5712457
94,Federal Foreign Tax Credit,Crédit fédéral pour impôt étranger,2012, 611360,730781,568330,220761,1179890,952711,1280,801,920,278,2200,1090,7780,7631,4230,1662,12010,9295,20210,20668,13430,9108,33650,29908,27760,39761,19480,14013,47260,53931,34440,62069,23630,16229,58090,78372,43260,89702,32300,21770,75580,111672,55200,107416,45740,28912,100960,136498,68870,121906,61000,26675,129890,148762,75230,113607,70690,25845,145930,139481,75070,68455,74890,21029,149980,89545,66640,45100,65540,17376,132200,62512,49000,22471,51360,13661,100380,36154,86610,31195,105130,24204,191760,55491
95,Federal Political contribution tax credit,Crédit d'impôt pour contributions politiques fédérales,2012, 94550,15962,54730,8113,149280,24076,20,2,,,30,3,380,44,,,550,66,1640,234,800,104,2440,339,2810,451,1250,172,4060,623,3200,533,1400,204,4600,737,4130,731,1780,289,5910,1021,5660,1015,2630,417,8290,1432,7810,1401,4020,630,11830,2032,9920,1778,5740,914,15660,2692,11700,2038,7010,1056,18720,3094,12490,2082,7460,1091,19960,3173,11300,1827,6500,951,17790,2778,23490,3827,15960,2260,39450,6087
96,Investment Tax Credit,Crédit d'impôt à l'investissement,2012, 30750,74180,12270,18194,43120,92376,20,13,20,10,30,23,130,91,60,39,190,130,370,455,140,116,510,572,780,1266,250,355,1050,1621,1520,2896,540,785,2080,3682,2520,5952,820,1447,3360,7400,3710,7980,1370,2446,5100,10427,4900,11774,1780,2946,6700,14721,5090,11846,1790,2654,6890,14500,4100,9745,1500,2225,5600,11971,2980,8304,1150,1276,4130,9580,1920,5215,1030,1218,2940,6434,2710,8642,1850,2674,4550,11316
97,Labour-sponsored funds tax credit,Crédit d'impôt relatif à un fonds de travailleurs,2012, 193590,92790,147080,58576,340680,151366,190,43,40,9,230,52,3580,1310,1710,474,5290,1784,9430,3751,6580,2027,16000,5778,15790,6187,11600,3430,27380,9617,18780,7627,13570,4273,32360,11899,19640,8536,15390,5375,35020,13911,27480,12894,22160,8612,49640,21506,39350,20008,32030,13675,71380,33683,38730,20892,30250,14049,68980,34940,19690,11003,13190,6336,32890,17339,710,386,370,186,1070,571,130,82,90,58,220,139,110,71,110,74,220,145
98,Alternative minimum tax payable,Impôt minimum de remplacement à payer,2012, 23100,117879,12610,64669,35750,182696,210,2328,190,1982,400,4333,220,1594,180,1472,400,3066,630,3042,240,1612,860,4655,1190,3896,520,2231,1710,6159,1710,5764,830,3115,2550,8881,2190,7285,1190,4963,3380,12281,2840,12354,1640,6770,4480,19128,3540,16759,1970,8781,5520,25542,3520,20952,1910,9865,5430,30825,3070,16247,1570,7879,4640,24127,1830,12683,900,5554,2730,18260,910,6169,500,3380,1410,9553,1260,8808,980,7064,2240,15887
99,Net federal tax,Impôt fédéral net,2012, 8826000,80133204,7801900,40957085,16642730,121233442,93870,144264,50190,53303,144150,197808,488830,1618064,322440,656945,811630,2276531,754680,4280808,628230,2364593,1383550,6648943,837060,6285967,702540,3331410,1540330,9622605,831130,7846024,696070,3894902,1528190,11749045,862100,9504410,748750,4700860,1612170,14215651,950050,11072841,866160,5573301,1817680,16657832,1003960,12171432,930040,5945609,1935670,18136655,901600,10492458,838890,5039959,1742150,15550844,754080,7246080,691090,3606676,1446710,10870756,522840,4161568,457910,1983248,982050,6159985,331020,2192583,308730,1294751,640940,3497731,494800,3116706,560880,2511528,1057520,5649055
100,CPP contributions on self-employment,Cotisations au RPC à payer pour le revenu d'un travail indépendant et pour d'autres revenus,2012, 727020,1292141,565440,737806,1292790,2030467,7790,3650,5620,2043,13420,5700,37210,33272,29080,19028,66310,52330,58260,80689,47140,49873,105450,130630,67100,114582,55620,70264,122790,184955,71830,134316,62730,84646,134610,219034,82920,159504,70920,100319,153900,259911,96120,187590,77000,112255,173160,299905,100760,199383,78030,114401,178810,313827,94500,185997,69100,97841,163610,283865,78040,147011,51140,68450,129190,215473,29460,43869,17340,17769,46800,61644,3030,2278,1710,916,4740,3194,,,,,,
101,Social Benefits repayment,Remboursement des prestation de programmes sociaux,2012, 344720,897001,162360,481230,507080,1378243,40,51,,,40,51,6380,7414,240,260,6620,7673,15700,17834,1110,1074,16810,18908,17220,19309,1610,1492,18830,20801,15870,18163,1950,1937,17820,20100,16410,19237,2510,2498,18920,21736,19320,22702,2840,3004,22150,25706,20750,25378,2910,3078,23650,28456,18190,24781,2360,2584,20550,27365,13220,20840,1920,2662,15140,23503,85570,289976,43860,124064,129420,414039,45630,170205,32180,102012,77810,272228,70430,261112,68880,236564,139310,497678
102,Net Provincial Tax,Impôt provincial ou territorial net,2012, 6721880,34183312,5881100,17350398,12608790,51555948,56880,61469,28330,23563,85290,85123,363210,687515,235760,274582,599240,962524,583380,1796212,478940,963488,1062780,2760633,626890,2604899,518100,1349851,1145510,3956095,629790,3328866,520380,1619023,1150750,4949848,667190,4141154,573320,2003313,1241260,6146452,719880,4754039,647790,2354369,1368400,7111167,747340,5151034,680190,2490291,1428240,7645176,660780,4417344,605370,2115802,1266790,6536136,545670,3057154,494980,1515264,1041120,4575059,412640,1831194,364660,905620,777580,2738497,271960,954743,249300,585701,521410,1540939,436260,1397689,483990,1149533,920440,2548301
103,Total tax payable,Total à payer,2012, 9352590,116509477,8353610,59530836,17721540,176206237,104520,209458,59760,78918,164370,288716,536960,2346405,375600,950912,912960,3299296,801130,6175846,683640,3379437,1485470,9559825,875890,9025185,750360,4753761,1627060,13785629,871880,11327824,746960,5601145,1619900,16939116,908420,13824785,801720,6807410,1711520,20644649,998990,16037709,915590,8043351,1916110,24095568,1050000,17547739,972880,8553971,2024590,26125218,941470,15121058,874590,7256634,1817740,22399138,784450,10471356,718700,5193448,1504710,15685458,558120,6326726,491240,3030807,1050680,9374392,358690,3319864,330740,1983397,690650,5314163,562080,4775522,631840,3897646,1195780,8695070
